{
    "en": {
        "en" : "English",
        "es": "Spanish",
      "changeLocale": "Change locale",
      "subtitle": "A Closer Look",
      "title": "Race Before Race",
      "hero": {
        "header": "Explore the roots of racism from the Middle Ages to 1800",
        "subtitle": "A companion to Seeing Race Before Race, a Newberry exhibition and an Arizona Center for Medieval and Renaissance Studies Press publication.",
        "alt": "map of the world from a perspective that looks upside down from what people are accustomed to: North is down."
      },
      "logoalt": "logo for the Newberry Library",
      "tiles": [
        {
          "country": "France",
          "number": "1",
          "color": "caa3b1",
          "topText": "France: Le miroir de humaine saluation, ca. 1455",
          "bottomText": "Decorations in a Christian text show different ways medieval people thought about race",
          "image": "2KXJ8ZV91HAP",
          "storymap": "https://uploads.knightlab.com/storymapjs/f16f101e1b9e4f19898b53b294e8d1dd/rb4r-miroir-eng/index.html"
        },
        {
          "country": "Germany",
          "number": "2",
          "color": "748099",
          "topText": "Germany: Les Qvatre livres d'Albert Dvrer, 1557",
          "bottomText": "An instructional book designed to aid artists in drawing human figures",
          "image": "2KXJ8ZSARPI17",
          "storymap": "https://uploads.knightlab.com/storymapjs/f16f101e1b9e4f19898b53b294e8d1dd/rb4r-durer-eng-1/index.html"
        },
        {
          "country": "Turkey",
          "number": "3",
          "color": "b7b9b7",
          "topText": "Turkey: Tarih-i Yeni Dünya…, ca. 1600",
          "bottomText": "An illuminated travel narrative that used European sources to help Ottomans imagine the Americas",
          "image": "2KXJ8ZSFBTX3U",
          "storymap": "https://uploads.knightlab.com/storymapjs/f16f101e1b9e4f19898b53b294e8d1dd/rb4r-tarih-eng/index.html"
        },
        {
          "country": "Mexico",
          "number": "4",
          "color": "e4cd84",
          "topText": "Mexico: Farmers vs. Covarrubias, 1569",
          "bottomText": "A manuscript map made to protect Indigenous land & property rights from Spanish colonizers",
          "image": "2KXJ8ZSAZL3FE",
          "storymap": "https://uploads.knightlab.com/storymapjs/f16f101e1b9e4f19898b53b294e8d1dd/seeing-race-b4-race-farmers-vs-covarrubias-map-2/index.html "
        },
        {
          "country": "England",
          "number": "5",
          "color": "a2a76e",
          "topText": "England: Wonder of Wonders, 1662",
          "bottomText": "A printed book delves into debates about cosmetics, beauty, & racial purity in 17th-c. England",
          "image": "2KXJ8ZSARPTCP",
          "storymap": "https://uploads.knightlab.com/storymapjs/f16f101e1b9e4f19898b53b294e8d1dd/rb4r-wonders-eng/index.html "
        }
      ]
    },
    "es": {
        "es": "español",
        "en": "inglés",
        "changeLocale": "Change locale",
        "subtitle": "A Closer Look",
        "title": "Race Before Race",
        "hero": {
          "header": "Explore the roots of racism from the Middle Ages to 1800",
          "subtitle": "A companion to Seeing Race Before Race, a Newberry exhibition and an Arizona Center for Medieval and Renaissance Studies Press publication.",
          "alt": "map of the world from a perspective that looks upside down from what people are accustomed to: North is down."
        },
        "logoalt": "logo for the Newberry Library",
        "tiles": [
          {
            "country": "France",
            "number": "1",
            "color": "caa3b1",
            "topText": "France: Le miroir de humaine saluation, ca. 1455",
            "bottomText": "Decorations in a Christian text show different ways medieval people thought about race",
            "image": "2KXJ8ZV91HAP",
            "storymap": "https://uploads.knightlab.com/storymapjs/f16f101e1b9e4f19898b53b294e8d1dd/rb4r-miroir-eng/index.html"
          },
          {
            "country": "Germany",
            "number": "2",
            "color": "748099",
            "topText": "Germany: Les Qvatre livres d'Albert Dvrer, 1557",
            "bottomText": "An instructional book designed to aid artists in drawing human figures",
            "image": "2KXJ8ZSARPI17",
            "storymap": "https://uploads.knightlab.com/storymapjs/f16f101e1b9e4f19898b53b294e8d1dd/rb4r-durer-eng-1/index.html"
          },
          {
            "country": "Turkey",
            "number": "3",
            "color": "b7b9b7",
            "topText": "Turkey: Tarih-i Yeni Dünya…, ca. 1600",
            "bottomText": "An illuminated travel narrative that used European sources to help Ottomans imagine the Americas",
            "image": "2KXJ8ZSFBTX3U",
            "storymap": "https://uploads.knightlab.com/storymapjs/f16f101e1b9e4f19898b53b294e8d1dd/rb4r-tarih-eng/index.html"
          },
          {
            "country": "Mexico",
            "number": "4",
            "color": "e4cd84",
            "topText": "Mexico: Farmers vs. Covarrubias, 1569",
            "bottomText": "A manuscript map made to protect Indigenous land & property rights from Spanish colonizers",
            "image": "2KXJ8ZSAZL3FE",
            "storymap": "https://uploads.knightlab.com/storymapjs/f16f101e1b9e4f19898b53b294e8d1dd/seeing-race-b4-race-farmers-vs-covarrubias-map-2/index.html "
          },
          {
            "country": "England",
            "number": "5",
            "color": "a2a76e",
            "topText": "England: Wonder of Wonders, 1662",
            "bottomText": "A printed book delves into debates about cosmetics, beauty, & racial purity in 17th-c. England",
            "image": "2KXJ8ZSARPTCP",
            "storymap": "https://uploads.knightlab.com/storymapjs/f16f101e1b9e4f19898b53b294e8d1dd/rb4r-wonders-eng/index.html "
          }
        ]
    }
  }
  